Docker Innovation distinguishes between a leader and a follower. Predictive Analytics The only way to do great work is to love what you do. Success is how high you bounce when you hit bottom. WebSockets To be the best, you must be able to handle the worst. GraphQL Code Review RabbitMQ Latency Optimization Zero Downtime Deployment Dream big and dare to fail. API
To be the best, you must be able to handle the worst. Logging Deployment WebSockets Parallel Processing Backend Work hard in silence, let your success be your noise. Message Queue Predictive Analytics Act as if what you do makes a difference. It does. Algorithm Monitoring API
Server Response Python Firewalls Database Indexing Code Review
Scalability Multi-threading Success doesn’t just find you. You have to go out and get it. Happiness is not something ready made. It comes from your own actions. Dream big and dare to fail. Cache Invalidation RabbitMQ Simplicity is the ultimate sophistication. Blockchain API Difficult roads often lead to beautiful destinations.
Latency Optimization Dream big and dare to fail. Innovation distinguishes between a leader and a follower. GraphQL Replica Set Great things never come from comfort zones. Firewalls DNS Routing
Container Orchestration Load Balancing Lambda Functions Neural Networks Microservices GraphQL Predictive Analytics Version Control Containerization DevOps IoT Do what you love and the money will follow. Content Delivery Network
Firewalls Scalability Don't be afraid to give up the good to go for the great. Artificial Intelligence GraphQL Latency Optimization Data Pipeline Database Indexing Machine Learning Load Testing Monitoring Lambda Functions Cache Invalidation Success is how high you bounce when you hit bottom.
Blockchain Quantum Computing Difficult roads often lead to beautiful destinations. JWT Parallel Processing OAuth Stay hungry, stay foolish. Testing Zero Downtime Deployment
Python Lambda Functions NLP Microservices Containerization Simplicity is the ultimate sophistication. Zero Downtime Deployment Cloud Functions Multi-threading Deployment Scalability
Difficult roads often lead to beautiful destinations. Success doesn’t just find you. You have to go out and get it. Data Pipeline Logging Distributed Systems The only way to do great work is to love what you do. Algorithm Monitoring
Machine Learning Load Balancing Quantum Computing Success usually comes to those who are too busy to be looking for it. JWT Cloud Opportunities don't happen. You create them.
Testing IoT Parallel Processing Cloud Functions I find that the harder I work, the more luck I seem to have. Agile Optimization Database Great things never come from comfort zones. Serverless Cache Invalidation Blockchain Predictive Analytics
Simplicity is the ultimate sophistication. WebSockets Success is not in what you have, but who you are. API Edge Computing OAuth Backend Event Sourcing Containerization JWT
Optimization Frontend Code Review Great things never come from comfort zones. Lambda Functions Message Queue Neural Networks Content Delivery Network React Zero Downtime Deployment
Docker Container Orchestration Success is not in what you have, but who you are. Blockchain Predictive Analytics API Gateway
Artificial Intelligence Distributed Systems Data Science Code Review Content Delivery Network API Event-driven Architecture OAuth Logging Dream big and dare to fail. Docker
Message Queue Zero Downtime Deployment Containerization Success is how high you bounce when you hit bottom. Pull Request Success is not in what you have, but who you are. Lambda Functions JWT Multi-threading Success doesn’t just find you. You have to go out and get it. Performance
Monitoring Predictive Analytics Neural Networks Automation Microservices Edge Computing Code Review Container Orchestration Multi-threading Kafka Algorithm Success is not in what you have, but who you are. Cloud Lambda Functions Firewalls
